Names,Categories
Dentist 2,Management Specialist 1/Trainee 1
"Child Care Aide 1, Box CCA 1 - Rome",Management Specialist 1/Trainee 1
Nurse 2 NYS Veterans Home at Montrose,Management Specialist 1/Trainee 1
"Project Assistant, (Three positions) Box CFO-500/51522, 51523, 51524",Management Specialist 1/Trainee 1
"Project Assistant, Box CFO-503/51551",Management Specialist 1/Trainee 1
"Project Director, Box CFO-501/51553",Management Specialist 1/Trainee 1
"Child Care Aide 1 (Substitute), (Continuous Recruitment), CCA 1 Sub - Batavia",Management Specialist 1/Trainee 1
"Special Education Assistant, (Continuous Recruitment), Box NYSSB - SEA",Management Specialist 1/Trainee 1
"Instructor (Special Education/Teacher of the Deaf) Continuous Recruitment, Box NYSSD-Instructor (Spec. Ed./Teacher of the Deaf)",Management Specialist 1/Trainee 1
"Child Care Aide 1 (Substitute), CCA 1 Sub - Rome",Management Specialist 1/Trainee 1
"Nurse 1 (Substitute), Continuous Recruitment, Box Nurse 1 Sub - Batavia",Management Specialist 1/Trainee 1
Tax Information Aide (Call Center),Management Specialist 1/Trainee 1
"Project Director, Box PIMS-530/51885",Management Specialist 1/Trainee 1
Psychiatrist 2 - (Richmond County) - Institute for Basic Research,Management Specialist 1/Trainee 1
"Trades Specialist, Electrician, Capital District Psychiatric Center, P22071",Management Specialist 1/Trainee 1
Service and Repair Mechanic Motor Equipment Region 1 ,Management Specialist 1/Trainee 1
"Service and Repair Mechanic (Motor Equipment), Region 7",Management Specialist 1/Trainee 1
Service and Repair Mechanic (Motor Equipment) - Region 10 Nassau,Management Specialist 1/Trainee 1
"Service and Repair Mechanic (Motor Equipment), Region 7",Management Specialist 1/Trainee 1
"Service and Repair Mechanic (Motor Equipment), Region 7",Management Specialist 1/Trainee 1
"Service and Repair Mechanic (Motor Equipment), Region 5",Management Specialist 1/Trainee 1
"Service and Repair Mechanic (Motor Equipment), Region 5",Management Specialist 1/Trainee 1
Service and Repair Mechanic (Mtr. Eq.)-Onondaga County Region 3,Management Specialist 1/Trainee 1
Service and Repair Mechanic (Mtr. Eq.)-Oswego Region 3,Management Specialist 1/Trainee 1
"Secure Care Treatment Aide 1, Capital District Psychiatric Center, P22106",Management Specialist 1/Trainee 1
"Licensed Master Social Worker 2, Capital District Psychiatric Center, P22110",Management Specialist 1/Trainee 1
"Trades Specialist, Plumber/ Steamfitter, Capital District Psychiatric Center, P22113",Management Specialist 1/Trainee 1
Service and Repair Mechanic (Motor Equipment) Region 2 - Oneida County,Management Specialist 1/Trainee 1
Service and Repair Mechanic (Motor Equipment) Region 2 - Herkimer County,Management Specialist 1/Trainee 1
Service and Repair Mechanic (Motor Equipment) Region 2 - Fulton County,Management Specialist 1/Trainee 1
"Senior Licensed Practical Nurse 1/Senior Licensed Practical Nurse 2, Capital District Psychiatric Center, P22089",Management Specialist 1/Trainee 1
Service and Repair Mechanic (Motor Equipment) Region 4- Monroe County,Management Specialist 1/Trainee 1
Service and Repair Mechanic (Motor Equipment) Region 4- Wayne County,Management Specialist 1/Trainee 1
Service and Repair Mechanic (Motor Equipment) Region 4- Ontario County,Management Specialist 1/Trainee 1
Service and Repair Mechanic (Motor Equipment) Region 4- Orleans County,Management Specialist 1/Trainee 1
"Service and Repair Mechanic (Motor Equipment), Region 6",Management Specialist 1/Trainee 1
"Service and Repair Mechanic (Motor Equipment), Region 6",Management Specialist 1/Trainee 1
"Service and Repair Mechanic (Motor Equipment), Region 6",Management Specialist 1/Trainee 1
"Licensed Psychologist; St. Lawrence Psychiatric Center, P22128",Management Specialist 1/Trainee 1
"Motor Vehicle Operator, Box ROM-344/00550",Management Specialist 1/Trainee 1
"Senior Occupational Therapist, Washington Psychiatric Heights Unit, P22176",Management Specialist 1/Trainee 1
"Nurse 3 Psychiatric, Elmira Psychiatric Center, P22195",Management Specialist 1/Trainee 1
Medical Assistant,Management Specialist 1/Trainee 1
"Assistant in Education Improvement Services, Box OHE-875/05052",Management Specialist 1/Trainee 1
"Service and Repair Mechanic (Motor Equipment), Region 9",Management Specialist 1/Trainee 1
"Service and Repair Mechanic (Motor Equipment), Region 9",Management Specialist 1/Trainee 1
"Service and Repair Mechanic (Motor Equipment), Region 9",Management Specialist 1/Trainee 1
"Licensed Psychologist, Central New York Psychiatric Center – State Wide Satellite Units, P22242",Management Specialist 1/Trainee 1
"Psychologist 2, Central New York Psychiatric Center – State Wide Satellite Unit, P22244",Management Specialist 1/Trainee 1
"Project Assistant, Box PIMS-545/51517",Management Specialist 1/Trainee 1
Liquid Fuel Systems Maintenance Technician,Management Specialist 1/Trainee 1
Hospital Nursing Service Consultant - Continuous Recruitment ,Management Specialist 1/Trainee 1
"Nurse 3 Psychiatric, Central New York Psychiatric Center – Marcy - P22292",Management Specialist 1/Trainee 1
"Project Assistant, Box OHE-915/51548",Management Specialist 1/Trainee 1
Nurse 2,Management Specialist 1/Trainee 1
Nurse 2 - Broome,Management Specialist 1/Trainee 1
"Nurse Practitioner Psychiatry, Elmira Psychiatric Center, Assertive Community Treatment, Geneva, P22308",Management Specialist 1/Trainee 1
"Nurse 2 Psychiatric, Central New York Psychiatric Center – Clinton Satellite Unit, P22326",Management Specialist 1/Trainee 1
"Teacher 2 / Teacher 3 / Teacher 4 - Substitute Temporary, St. Lawrence Psychiatric Center, Children and Youth,  P22359",Management Specialist 1/Trainee 1
"Director of Charter Schools, (Albany or Brooklyn Location), Box OHE-892/21131",Management Specialist 1/Trainee 1
"Dentist 2, St. Lawrence Psychiatric Center, P22380",Management Specialist 1/Trainee 1
"Cleaner, South Beach Psychiatric Center, Cleaner, P22388",Management Specialist 1/Trainee 1
"C220029 - Service & Repair Assistant (HVAC-R), Facilities - Campus Operations",Management Specialist 1/Trainee 1
"Project Coordinator, Box OHE-917/51578",Management Specialist 1/Trainee 1
"Plant Utilities Assistant, New York State Psychiatric Institute, P22422",Management Specialist 1/Trainee 1
General Mechanic-REPOST,Management Specialist 1/Trainee 1
C220020 - Facility Operations Assistant 1 (Utilities) - Campus Operations,Management Specialist 1/Trainee 1
"Licensed Master Social Worker 1, Secure Treatment and Rehabilitations Center, STARC, Bridgeview, P22464",Management Specialist 1/Trainee 1
Disaster Preparedness Assistant,Management Specialist 1/Trainee 1
Clinical Physician 1 or 2 Per Diem,Management Specialist 1/Trainee 1
Nurse 2,Management Specialist 1/Trainee 1
"Recreation Therapist - Music, Creedmoor Psychiatric Center, P22473",Management Specialist 1/Trainee 1
"Licensed Master Social Worker 2, Mid-Hudson Forensic Psychiatric Center, P22476",Management Specialist 1/Trainee 1
"Associate Psychologist, New York City Children's Center, Queens Campus, P22479",Management Specialist 1/Trainee 1
Disaster Preparedness Program Representative 1,Management Specialist 1/Trainee 1
"Dietitian 2, Washington Heights Psychiatric Unit, P22858",Management Specialist 1/Trainee 1
Pharmacy Consultant ,Management Specialist 1/Trainee 1
"Print Equipment Operator 2, Box PIMS-554/01366",Management Specialist 1/Trainee 1
Bridge Repair Assistant/Trainee 1/Trainee 2 (Region 2 - Canajoharie),Management Specialist 1/Trainee 1
Tree Pruner (Region 2),Management Specialist 1/Trainee 1
"Superintendent, School for the Deaf, Box ROM-354/00001",Management Specialist 1/Trainee 1
"Teacher 2 / Teacher 3 / Teacher 4 - Substitute Temporary, Rockland Children's Psychiatric Center, P22506",Management Specialist 1/Trainee 1
Temporary Facilities Operations Assistant 1 Summer 2022 (Grounds) OPEN UNTIL FILLED,Management Specialist 1/Trainee 1
Temporary Cleaner (Summer 2022) OPEN UNTIL FILLED,Management Specialist 1/Trainee 1
"Licensed Psychologist, Mid-Hudson Forensic Psychiatric Center, P22541",Management Specialist 1/Trainee 1
Deputy Superintendent for Insurance,Management Specialist 1/Trainee 1
"Print Equipment Operator 3, Box PIMS-555/01333",Management Specialist 1/Trainee 1
Hourly Nurse 2 Psychiatric or Nurse 1 (Creedmoor ATC),Management Specialist 1/Trainee 1
Licensed Practical Nurse (Hourly) - Creedmoor Addiction Treatment Center,Management Specialist 1/Trainee 1
RN2 - Nurse 2   EOA# 22-063,Management Specialist 1/Trainee 1
"Recreation Therapist, Creedmoor Psychiatric Center, P22623",Management Specialist 1/Trainee 1
Nurse 2 Psy/Nurse 1 Hourly (South Beach ATC),Management Specialist 1/Trainee 1
Test Center Supervisor,Management Specialist 1/Trainee 1
Test Center Supervisor,Management Specialist 1/Trainee 1
Test Center Monitor,Management Specialist 1/Trainee 1
Test Center Supervisor,Management Specialist 1/Trainee 1
Test Center Supervisor,Management Specialist 1/Trainee 1
Test Center Monitor,Management Specialist 1/Trainee 1
Test Center Monitor,Management Specialist 1/Trainee 1
Test Center Monitor,Management Specialist 1/Trainee 1
Test Center Monitor,Management Specialist 1/Trainee 1
Test Center Monitor,Management Specialist 1/Trainee 1
Test Center Monitor,Management Specialist 1/Trainee 1
Test Center Monitor,Management Specialist 1/Trainee 1
Test Center Monitor,Management Specialist 1/Trainee 1
"Psychiatrist 2 (Research), Part-Time, New York State Psychiatric Institute, P22663",Management Specialist 1/Trainee 1
Licensed Psychologist,Management Specialist 1/Trainee 1
Youth Support Specialist (Perm),Management Specialist 1/Trainee 1
"Licensed Psychologist, Creedmoor Psychiatric Center, P22685",Management Specialist 1/Trainee 1
"C220057 - Motor Vehicle Operator, Grounds – Campus Operations",Management Specialist 1/Trainee 1
Bridge Repair Assistant Trainee 1/Trainee 2/Bridge Repair Assistant 1 (Region 10),Management Specialist 1/Trainee 1
Psychiatrist 1 or 2 (Hourly) - South Beach ATC,Management Specialist 1/Trainee 1
Psychiatrist 1 or Psychiatrist 2 (McPike Addiction Treatment Center),Management Specialist 1/Trainee 1
Bridge Repair Assistant Trainee 1/Trainee 2/Bridge Repair Assistant 1 (Region7),Management Specialist 1/Trainee 1
Bridge Repair Assistant Trainee 1/Trainee 2/Bridge Repair Assistant 1 (Region7),Management Specialist 1/Trainee 1
"Licensed Master Social Worker 2, Central New York Psychiatric Center, Hudson Satellite Unit, P22757",Management Specialist 1/Trainee 1
"Licensed Master Social Worker 1, Central New York Psychiatric Center, Mid-State Satellite Unit, Marcy,P22760",Management Specialist 1/Trainee 1
"Rehabilitation Counselor 2, Central New York Psychiatric Center – Upstate Mental Health Unit, P22763",Management Specialist 1/Trainee 1
"Licensed Master Social Worker 2, Korean Language, Creedmoor Psychiatric Center, P22775",Management Specialist 1/Trainee 1
Nurse 2,Management Specialist 1/Trainee 1
Highway Maintenance Worker Trainee 1/Trainee 2/Highway Maintenance Worker 1 (Region 10),Management Specialist 1/Trainee 1
Highway Maintenance Worker Trainee 1/Trainee 2/Highway Maintenance Worker 1 (Region 10),Management Specialist 1/Trainee 1
Highway Maintenance Worker 1/ Trainee 2 (Herkimer County-Region 2),Management Specialist 1/Trainee 1
Highway Maintenance Worker Trainee 1/Trainee 2/Highway Maintenance Worker 1 (Region 8- Ulster County),Management Specialist 1/Trainee 1
Highway Maintenance Worker Trainee 1/Trainee 2/Highway Maintenance Worker 1 (Region 8- Putnam County),Management Specialist 1/Trainee 1
Highway Maintenance Worker Trainee 1/Trainee 2/Highway Maintenance Worker 1 (Region 8- Ulster County),Management Specialist 1/Trainee 1
Highway Maintenance Worker Trainee 1/Trainee 2/Highway Maintenance Worker 1 (Region 8- Putnam County),Management Specialist 1/Trainee 1
Highway Maintenance Worker Trainee 1/Trainee 2/Highway Maintenance Worker 1 (Region 8- Ulster County),Management Specialist 1/Trainee 1
Highway Maintenance Worker Trainee 1/Trainee 2/Highway Maintenance Worker 1 (Region 8- Putnam County),Management Specialist 1/Trainee 1
Highway Maintenance Worker Trainee 1/Trainee 2/Highway Maintenance Worker 1 (Region 8- Orange County),Management Specialist 1/Trainee 1
Highway Maintenance Worker Trainee 1/Trainee 2/Highway Maintenance Worker 1 (Region 8- Orange County),Management Specialist 1/Trainee 1
Highway Maintenance Worker Trainee 1/Trainee 2/Highway Maintenance Worker 1 (Region 8- Dutchess County),Management Specialist 1/Trainee 1
Highway Maintenance Worker Trainee 1/Trainee 2/Highway Maintenance Worker 1 (Region 8- Columbia County),Management Specialist 1/Trainee 1
Highway Maintenance Worker Trainee 1/Trainee 2/Highway Maintenance Worker 1 (Region 8- Columbia County),Management Specialist 1/Trainee 1
Thruway Maintenance Worker (Trainee),Management Specialist 1/Trainee 1
"Licensed Master Social Worker 2, South Beach Psychiatric Center, Chinese Language, P22799",Management Specialist 1/Trainee 1
Trades Generalist (Electrician),Management Specialist 1/Trainee 1
Highway Maintenance Worker 1/ Trainee 1/ Trainee 2 (Hamilton County-Region 2),Management Specialist 1/Trainee 1
Highway Maintenance Worker 1/ Trainee 1/ Trainee 2 (Montgomery County-Region 2),Management Specialist 1/Trainee 1
Highway Maintenance Worker 1/ Trainee 1/ Trainee 2 (Fulton County-Region 2),Management Specialist 1/Trainee 1
Highway Maintenance Worker 1/ Trainee 2 (Herkimer County-Region 2),Management Specialist 1/Trainee 1
Highway Maintenance Worker 1/ Trainee 1/ Trainee 2 (Madison County-Region 2),Management Specialist 1/Trainee 1
Senior Engineering Technician,Management Specialist 1/Trainee 1
Senior Engineering Technician,Management Specialist 1/Trainee 1
Airport Firefighter 1,Management Specialist 1/Trainee 1
"Regional Supervisor, Facilities Operations",Management Specialist 1/Trainee 1
Maintenance Supervisor 4-REPOST,Management Specialist 1/Trainee 1
Facilities Operations Assistant 1 ,Management Specialist 1/Trainee 1
Highway Maintenance Worker Trainee 1/Highway Maintenance Worker Trainee 2/Highway Maintenance Worker 1 (Region 4- Monroe County),Management Specialist 1/Trainee 1
Highway Maintenance Worker Trainee 1/Highway Maintenance Worker Trainee 2/Highway Maintenance Worker 1 (Region 4- Livingston County),Management Specialist 1/Trainee 1
Highway Maintenance Worker Trainee 1/Highway Maintenance Worker Trainee 2/Highway Maintenance Worker 1 (Region 4- Wayne County),Management Specialist 1/Trainee 1
Highway Maintenance Worker Trainee 1/Highway Maintenance Worker Trainee 2/Highway Maintenance Worker 1 (Region 4- Ontario County),Management Specialist 1/Trainee 1
Highway Maintenance Worker Trainee 1/Highway Maintenance Worker Trainee 2/Highway Maintenance Worker 1 (Region 4- Genesee County),Management Specialist 1/Trainee 1
Highway Maintenance Worker Trainee 1/Highway Maintenance Worker Trainee 2/Highway Maintenance Worker 1 (Region 4- Orleans County),Management Specialist 1/Trainee 1
Highway Mainetenance Worker Trainee 1/Highway Maintenance Worker Trainee 2/Highway Maintenance Worker 1 (Region 4- Wyoming County),Management Specialist 1/Trainee 1
Nurse 1,Management Specialist 1/Trainee 1
Highway Maintenance Worker Trainee 2/Highway Maintenance Worker 1 (Region 6- Allegany County),Management Specialist 1/Trainee 1
Highway Maintenance Worker Trainee 1/Highway Maintenance Worker Trainee 2/Highway Maintenance Worker 1 (Region 6- Steuben County),Management Specialist 1/Trainee 1
Highway Maintenance Worker Trainee 1/Highway Maintenance Worker Trainee 2/Highway Maintenance Worker 1 (Region 6- Schuyler County),Management Specialist 1/Trainee 1
Highway Maintenance Worker Trainee 1/Highway Maintenance Worker Trainee 2/Highway Maintenance Worker 1 (Region 6- Chemung County),Management Specialist 1/Trainee 1
Nurse 1 or 2 - Campus,Management Specialist 1/Trainee 1
"Deputy Director, Psychiatric Research, M-8, New York State Psychiatric Institute, P22813 ",Management Specialist 1/Trainee 1
"Special Assistant Attorney General, Medicaid Fraud Control Units Civil Enforcement Division NYC (MFCU_SAAG_NYC_3463)",Management Specialist 1/Trainee 1
Nurse 2 Psy/Nurse 1 Hourly (St. Lawrence ATC),Management Specialist 1/Trainee 1
Assistant Research Scientist - 14650,Management Specialist 1/Trainee 1
"Director, College and University Evaluation, Box OHE-921/15041",Management Specialist 1/Trainee 1
Nurse 2 Psychiatric or Nurse 1 Hourly (John L. Norris ATC),Management Specialist 1/Trainee 1
Nurse 2 Psychiatric or Nurse 1 Hourly (Dick Van Dyke ATC),Management Specialist 1/Trainee 1
Test Center Supervisor,Management Specialist 1/Trainee 1
Test Center Supervisor,Management Specialist 1/Trainee 1
Associate Psychologist,Management Specialist 1/Trainee 1
Psychologist 2,Management Specialist 1/Trainee 1
"Teacher 2,3,4",Management Specialist 1/Trainee 1
Dental Assistant,Management Specialist 1/Trainee 1
"Nurse Practitioner Family Health, Hutchings Psychiatric Center, P22843",Management Specialist 1/Trainee 1
Recreation Program Leader 1,Management Specialist 1/Trainee 1
Highway Maintenance Worker 1/ Trainee 1/ Trainee 2 (Cayuga County-Region 3),Management Specialist 1/Trainee 1
Highway Maintenance Worker 1/ Trainee 1/ Trainee 2 (Cortland County-Region 3),Management Specialist 1/Trainee 1
Highway Maintenance Worker 1/ Trainee 1/ Trainee 2 (Onondaga County-Region 3),Management Specialist 1/Trainee 1
Highway Maintenance Worker 1/ Trainee 1/ Trainee 2 (Oswego County-Region 3),Management Specialist 1/Trainee 1
Highway Maintenance Worker 1/ Trainee 1/ Trainee 2 (Seneca County-Region 3),Management Specialist 1/Trainee 1
Highway Maintenance Worker 1/ Trainee 1/ Trainee 2 (Tompkins County-Region 3),Management Specialist 1/Trainee 1
Office Assistant 1 - Keyboarding,Management Specialist 1/Trainee 1
Psychology Positions,Management Specialist 1/Trainee 1
Highway Maintenance Worker Trainee 1/Trainee 2/Highway Maintenance Worker 1 ,Management Specialist 1/Trainee 1
Highway Maintenance Worker Trainee 1/Trainee 2/Highway Maintenance Worker 1 ,Management Specialist 1/Trainee 1
Highway Maintenance Worker Trainee 1/Trainee 2/Highway Maintenance Worker 1 ,Management Specialist 1/Trainee 1
Highway Maintenance Worker Trainee 1/Trainee 2/Highway Maintenance Worker 1 ,Management Specialist 1/Trainee 1
"Assistant Commissioner of Learning Standards and Instructional Programs, Box P12-2183/66001",Management Specialist 1/Trainee 1
Nurse 1   Registered Nurse 1     EOA # 22-012R,Management Specialist 1/Trainee 1
Highway Maintenance Worker Trainee 1/Trainee 2/Highway Maintenance Worker 1 (Region 7) ,Management Specialist 1/Trainee 1
Highway Maintenance Worker Trainee 1/Trainee 2/Highway Maintenance Worker 1 (Region 7) ,Management Specialist 1/Trainee 1
Highway Maintenance Worker Trainee 1/Trainee 2/Highway Maintenance Worker 1 (Region 7) ,Management Specialist 1/Trainee 1
Highway Maintenance Worker Trainee 1/Trainee 2/Highway Maintenance Worker 1 (Region 7) ,Management Specialist 1/Trainee 1
Highway Maintenance Worker Trainee 1/Trainee 2/Highway Maintenance Worker 1 (Region 7) ,Management Specialist 1/Trainee 1
Registered Nurse 2 - Temp -  Per Diem EOA#21-092R,Management Specialist 1/Trainee 1
Registered Nurse 2    RN2   EOA# 21-007R,Management Specialist 1/Trainee 1
Registered Nurse 2    RN2   EOA# 20-086R,Management Specialist 1/Trainee 1
"Licensed Master Social Worker 2, Washington Heights Psychiatric Unit, P22859",Management Specialist 1/Trainee 1
"Project Assistant, Box P12-2155/ 51576",Management Specialist 1/Trainee 1
"Health Information Management Technician 1, Capital District Psychiatric Center, P2287268",Management Specialist 1/Trainee 1
"Cleaner, Pilgrim Psychiatric Center, Cleaner, P22885",Management Specialist 1/Trainee 1
Auditor 1 (Municipal) - Item #04355 (Rochester Regional Office),Management Specialist 1/Trainee 1
Nurse 2,Management Specialist 1/Trainee 1
"Infection Control Nurse, Buffalo Psychiatric Center, P22883",Management Specialist 1/Trainee 1
Nurse 1,Management Specialist 1/Trainee 1
Thruway Maintenance Worker (Trainee),Management Specialist 1/Trainee 1
"Research Scientist 4 – Nathan S. Kline Research Institute– Center for Biomedical Imaging and Neuromodulation (C-BIN), P22890",Management Specialist 1/Trainee 1
Health Information Management Technician 1,Management Specialist 1/Trainee 1
Certified Nursing Assistant at Montrose   ,Management Specialist 1/Trainee 1
Nurse 2 Psy/Nurse 1 Hourly (Russell E. Blaisdell ATC),Management Specialist 1/Trainee 1
Nurse 2 Psychiatric or Nurse 1 Hourly (Margaret A. Stutzman ATC),Management Specialist 1/Trainee 1
Nurse 2 Psychiatric or Nurse 1 (CK Post ATC),Management Specialist 1/Trainee 1
Physical Therapy Assistant 1 or 2 ,Management Specialist 1/Trainee 1
Medical Specialist 2,Management Specialist 1/Trainee 1
Highway Maintenance Worker Trainee 1/Trainee 2/Highway Maintenance Worker 1 (Region 9),Management Specialist 1/Trainee 1
Highway Maintenance Worker Trainee 1/Trainee 2/Highway Maintenance Worker 1 (Region 9),Management Specialist 1/Trainee 1
Highway Maintenance Worker Trainee 1/Trainee 2/Highway Maintenance Worker 1 (Region 9),Management Specialist 1/Trainee 1
Highway Maintenance Worker Trainee 1/Trainee 2/Highway Maintenance Worker 1 (Region 9),Management Specialist 1/Trainee 1
Highway Maintenance Worker Trainee 1/Trainee 2/Highway Maintenance Worker 1 (Region 9),Management Specialist 1/Trainee 1
Highway Maintenance Worker Trainee 1/Trainee 2/Highway Maintenance Worker 1 (Region 9),Management Specialist 1/Trainee 1
Highway Maintenance Worker Trainee 1/Trainee 2/Highway Maintenance Worker 1 (Region 9),Management Specialist 1/Trainee 1
BSC Representative 1,Management Specialist 1/Trainee 1
Engineer- Mechanical - NYC,Management Specialist 1/Trainee 1
"Secure Care Treatment Aide 1, Western New York Children's Psychiatric Center, P22918",Management Specialist 1/Trainee 1
Addictions Counselor Assistant (CK Post ATC) HOURLY,Management Specialist 1/Trainee 1
"Psychiatrist 2, Children and Youth, Elmira Psychiatric Center, P22936 ",Management Specialist 1/Trainee 1
Medical Specialist 2,Management Specialist 1/Trainee 1
"Secure Care Treatment Aide 1, Secure Care Treatment and Rehabilitation Center, STARC, Bridgeview, P22944",Management Specialist 1/Trainee 1
Plant Utilities Engineer 1 ,Management Specialist 1/Trainee 1
Psychiatrist 2,Management Specialist 1/Trainee 1
Assistant Solicitor General - Division of Appeals & Opinions Albany (A&O_ALB_ASG_2022),Management Specialist 1/Trainee 1
Dental Hygienist,Management Specialist 1/Trainee 1
Senior Utilization Review Nurse,Management Specialist 1/Trainee 1
"Dentist 1, Mid-Hudson Forensic Psychiatric Center, P22957",Management Specialist 1/Trainee 1
Investigator,Management Specialist 1/Trainee 1
Security Services Assistant 1,Management Specialist 1/Trainee 1
Regional General Mechanic,Management Specialist 1/Trainee 1
Youth Recreation Specialist 1,Management Specialist 1/Trainee 1
"Recreation Therapist, Elmira Psychiatric Center, P22960",Management Specialist 1/Trainee 1
"Assistant Deputy Attorney General, Organized Crime Task Force White Plains (OCTF_WP_ADAG_3474)",Management Specialist 1/Trainee 1
C220088 - Facility Operations Assistant 2 (Grounds) - Campus Operations,Management Specialist 1/Trainee 1
Addictions Counselor Assistant - HOURLY (Russell E. Blaisdell ATC),Management Specialist 1/Trainee 1
Plant Utilities Engineer 1,Management Specialist 1/Trainee 1
"Tandem Tractor Trailer Operator, Central Office;",Management Specialist 1/Trainee 1
Clinical Physician 1 or 2 OR Medical Specialist 1 (Kingsboro Addiction Treatment Center),Management Specialist 1/Trainee 1
Licensed Practical Nurse (Hourly) - R. C. Ward Addiction Treatment Center,Management Specialist 1/Trainee 1
"Dietitian 2, Bronx Psychiatric Center, P22986",Management Specialist 1/Trainee 1
"Rehabilitation Counselor 2, Central New York Psychiatric Center – Gouverneur Satellite Unit, P22989",Management Specialist 1/Trainee 1
"Licensed Psychologist, Central New York Psychiatric Center, Marcy, 22993",Management Specialist 1/Trainee 1
Maintenance Assistant ,Management Specialist 1/Trainee 1
Nurse 2,Management Specialist 1/Trainee 1
Sr. Application Solution Developer,Management Specialist 1/Trainee 1
Nurse 2,Management Specialist 1/Trainee 1
Sr. Field Representative NYC - Construction,Management Specialist 1/Trainee 1
"Assistant Counsel, Box OP-1408/21144",Management Specialist 1/Trainee 1
Nurse 2,Management Specialist 1/Trainee 1
Licensed Master Social Worker 2,Management Specialist 1/Trainee 1
TEMPORARY SEASONAL - Maintenance Helper - Ronkonkoma - Anticipated duration of employment thru 10/19/22,Management Specialist 1/Trainee 1
TEMPORARY SEASONAL - Maintenance Helper - Staten Island CSMS - Anticipated duration of employment thru 10/19/2022,Management Specialist 1/Trainee 1
TEMPORARY SEASONAL - Maintenance Helper - Fort Drum (MATES) - Anticipated duration of employment thru 10/19/2022,Management Specialist 1/Trainee 1
TEMPORARY SEASONAL - Maintenance Helper - Latham HQ - Anticipated duration of employment thru 10/19/2022,Management Specialist 1/Trainee 1
"Research Scientist 4 - Division of Systems Neuroscience, New York State Psychiatric Institute, P23016",Management Specialist 1/Trainee 1
"Computer Operator, Ref #16493 (Provisional & Permanent Opportunities)",Management Specialist 1/Trainee 1
"Project Manager, Loans & Grants",Management Specialist 1/Trainee 1
Addictions Counselor Assistant Hourly Overnights- South Beach ATC,Management Specialist 1/Trainee 1
Youth Support Assistant (Hourly),Management Specialist 1/Trainee 1
RN2 Registered Nurse 2  RN 2  EOA# 22-105R  Newburgh,Management Specialist 1/Trainee 1
"Associate Psychologist, Central New York Psychiatric Center, Marcy, P23012",Management Specialist 1/Trainee 1
Library Clerk 2 Part Time,Management Specialist 1/Trainee 1
"Project Manager, Southern Tier RO",Management Specialist 1/Trainee 1
"Dietitian 2, Creedmoor Psychiatric Center, P23018",Management Specialist 1/Trainee 1
Psychologist 2,Management Specialist 1/Trainee 1
"Cleaner, Rockland Clidren's Psychiatric Center, Cleaner, P23022",Management Specialist 1/Trainee 1
"Teacher 2, 3, 4",Management Specialist 1/Trainee 1
Youth Recreation Specialist 1,Management Specialist 1/Trainee 1
Cook,Management Specialist 1/Trainee 1
"Licensed Master Social Worker 2, Secure Treatment and Rehabilitation Center, STARC, Bridgeview, P23032",Management Specialist 1/Trainee 1
"Licensed Master Social Worker 2, Central New York Psychiatric Center, Attica Satellite Unit, P23036",Management Specialist 1/Trainee 1
"Licensed Master Social Worker 2, Central New York Psychiatric Center, Green Haven Satellite Unit, P23038",Management Specialist 1/Trainee 1
"Rehabilitation Counselor 2, Central New York Psychiatric Center – Elmira Satellite Unit, P23041",Management Specialist 1/Trainee 1
"Food Service Worker 1, Secure Treatment and Rehabilitation Center, STARC, Oakview, Marcy, Food Service, P22694",Management Specialist 1/Trainee 1
"Director, Internal Audit",Management Specialist 1/Trainee 1
Thruway Maintenance Worker (Trainee),Management Specialist 1/Trainee 1
"Assistant Attorney General, Civil Rights Bureau(CRI_NYC_AAG_3480)",Management Specialist 1/Trainee 1
Information Technology Specialist 2 (Programming) – Tax Modernization,Management Specialist 1/Trainee 1
Bridge Repair Assistant /Bridge Repair Assistant Trainee 1/Bridge Repair Assistant Trainee 2 (Region 4- Pittsford),Management Specialist 1/Trainee 1
Bridge Repair Assistant /Bridge Repair Assistant Trainee 1/Bridge Repair Assistant Trainee 2 (Region 4- Batavia),Management Specialist 1/Trainee 1
"Nurse 1 / Nurse 2, Psychiatric, Capital District Psychiatric Center, NP22127",Management Specialist 1/Trainee 1
"Nurse Practitioner (Psychiatry), Bronx Psychiatric Center, NP22129",Management Specialist 1/Trainee 1
"Nurse Practitioner (Psychiatry), Greater Binghamton Health Center, NP22077",Management Specialist 1/Trainee 1
"Nurse Practitioner (Psychiatry), Capital District Psychiatric Center, NP22126",Management Specialist 1/Trainee 1
"Nurse 1 / Nurse 2, Psychiatric, Elmira Psychiatric Center, NP22132",Management Specialist 1/Trainee 1
"Nurse 1 / Nurse 2, Psychiatric, Elmira Children and Youth Psychiatric Center, NP22134",Management Specialist 1/Trainee 1
"Nurse 1 / Nurse 2, Psychiatric, Western New York Children's Psychiatric Center, NP22136",Management Specialist 1/Trainee 1
"Nurse 1 / Nurse 2, Psychiatric, Kingsboro Psychiatric Center, NP22138",Management Specialist 1/Trainee 1
"Nurse 1 / Nurse 2, Psychiatric, Rochester Psychiatric Center, NP22140",Management Specialist 1/Trainee 1
Addictions Counselor Assistant - HOURLY (Creedmoor ATC),Management Specialist 1/Trainee 1
"Nurse 1 / Nurse 2, Psychiatric, Washington Heights Psychiatric Center, NP22143",Management Specialist 1/Trainee 1
"Nurse 1 / Nurse 2, Psychiatric, Mohawk Valley Psychiatric Center, NP22145",Management Specialist 1/Trainee 1
"Nurse 1, Hutchings Psychiatric Center, NP22147",Management Specialist 1/Trainee 1
"Nurse 1 / Nurse 2, Psychiatric, Hutchings Children and Youth Psychiatric Center, NP22149",Management Specialist 1/Trainee 1
"Nurse Practitioner (Psychiatry), Manhattan Psychiatric Center, NP22151",Management Specialist 1/Trainee 1
"Nurse 1 /Nurse 2, Psychiatric, Kirby Forensic Psychiatric Center, NP22153",Management Specialist 1/Trainee 1
"Nurse 1 / Nurse 2, Psychiatric, South Beach Psychiatric Center, NP22155",Management Specialist 1/Trainee 1
"Nurse Practitioner (Psychiatry), Rockland Psychiatric Center, NP22157",Management Specialist 1/Trainee 1
"Nurse 2 Psychiatric, Mohawk Valley Psychiatric Center – Children and Youth, NP22159",Management Specialist 1/Trainee 1
"Nurse 1 / Nurse 2, Psychiatric, St. Lawrence Psychiatric Center, NP22160",Management Specialist 1/Trainee 1
"Nurse 1, St. Lawrence Psychiatric Center Children and Youth, NP22162",Management Specialist 1/Trainee 1
"Nurse 1 / Nurse 2, Psychiatric, Mid-Hudson Forensic Psychiatric Center, NP22164",Management Specialist 1/Trainee 1
"Nurse Practitioner (Psychiatry), New York City Children's Center, NP22166",Management Specialist 1/Trainee 1
 Grant Program Assistant(2 Positions),Management Specialist 1/Trainee 1
"Nurse Practitioner (Psychiatry), Rockland Children’s Psychiatric Center, NP22169",Management Specialist 1/Trainee 1
"Nurse Practitioner (Psychiatric), Pilgrim Psychiatric Center, NP22170",Management Specialist 1/Trainee 1
"Nurse 2 Psychiatric, Secure Treatment and Rehabilitation Center - Bridgeview - NP22172",Management Specialist 1/Trainee 1
"Nurse Practitioner (Psychiatry), Western New York Children's Psychiatric Center, NP22174",Management Specialist 1/Trainee 1
"Nurse Practitioner (Psychiatry), Mohawk Valley Psychiatric Center, NP22176",Management Specialist 1/Trainee 1
"Nurse Practitioner (Psychiatry), Sagamore Children's Psychiatric Center, NP22178",Management Specialist 1/Trainee 1
"Medical Specialist 1/2, St. Lawrence Psychiatric Center, Children and Youth, Physician, PP22086",Management Specialist 1/Trainee 1
"Medical Specialist 2, Creedmoor Psychiatric Center, Physician, PP22088",Management Specialist 1/Trainee 1
"Medical Specialist 1, Central New York Psychiatric Center, Marcy, Physician, PP22089",Management Specialist 1/Trainee 1
"Medical Specialist 2, Greater Binghamton Health Center, Physician, PP22091",Management Specialist 1/Trainee 1
"Medical Specialist 2, Buffalo Psychiatric Center, Physician, PP22093",Management Specialist 1/Trainee 1
"Psychiatrist 1 / Psychiatrist 2, Children and Youth, Sagamore Psychiatric Center, PP22095",Management Specialist 1/Trainee 1
"Psychiatrist 1 and Psychiatrist 2, Central New York Psychiatric Center, Marcy Inpatient Units Only, PP22097",Management Specialist 1/Trainee 1
"Psychiatrist 1 and Psychiatrist 2, Bronx Psychiatric Center - Spanish Language, PP22099",Management Specialist 1/Trainee 1
"Telepsychiatry Psychiatrist Positions, Rockland Psychiatric Center, PP22101",Management Specialist 1/Trainee 1
"Psychiatrist 1 and Psychiatrist 2, Capital District Psychiatric Center, PP22103   ",Management Specialist 1/Trainee 1
Deputy Bureau Chief - Investor Protection Bureau NYC (IPB_ NYC_DBC_3482),Management Specialist 1/Trainee 1
"Psychiatrist 1 and Psychiatrist 2, Rochester Psychiatric Center, PP22106",Management Specialist 1/Trainee 1
"Psychiatrist 1 and Psychiatrist 2, South Beach Psychiatric Center, PP22108",Management Specialist 1/Trainee 1
"Psychiatrist 1 and Psychiatrist 2, Mohawk Valley Psychiatric Center, PP22110",Management Specialist 1/Trainee 1
"Psychiatrist 1 and Psychiatrist 2, Creedmoor Psychiatric Center, (Full-Time and Part-Time positions available) PP22112",Management Specialist 1/Trainee 1
"Psychiatrist 1 and Psychiatrist 2, Buffalo Psychiatric Center, PP22114",Management Specialist 1/Trainee 1
"Clinical Physician 1 / Clinical Physician 2, St Lawrence Psychiatric Center, Physician, PP22116",Management Specialist 1/Trainee 1
"Clinical Physician 2, Rockland Psychiatric Center, Physician, PP22080",Management Specialist 1/Trainee 1
"Clinical Physician 2, Rockland Psychiatric Center, Physician, PP22118",Management Specialist 1/Trainee 1
"Forensic Telepsychiatry, Central New York Psychiatric Center – Albany VTC Unit, PP22120",Management Specialist 1/Trainee 1
"Psychiatrist 1 - 2, Children and Youth, New York City Children's Center, Queens Campus, PP22122",Management Specialist 1/Trainee 1
Helpdesk Support,Management Specialist 1/Trainee 1
Print Equipment/Mainframe Operator (Computer Operator)(3rd Shift - Night) - Item #08211& #08215,Management Specialist 1/Trainee 1
" Financial Services Specialists 1, 2 and 4 (Cyber Security)",Management Specialist 1/Trainee 1
Facility Assistant/Digital Printing,Management Specialist 1/Trainee 1
"Professional Engineer 1 (Environmental), Central Office;",Management Specialist 1/Trainee 1
"Cleaner, Rockland Clidren's Psychiatric Center, Part-Time, Cleaner, P23056",Management Specialist 1/Trainee 1
Senior Financial Services Regulatory Policy and Accounting Officer,Management Specialist 1/Trainee 1
Youth Support Specialist (Hourly),Management Specialist 1/Trainee 1
"Kirby Forensic Psychiatric Center, Security Hospital Treatment Assistant (SHTA)– Direct Care Position, P23065",Management Specialist 1/Trainee 1
"Central New York Psychiatric Center, Security Hospital Treatment Assistant (SHTA)– Direct Care Position, P23066",Management Specialist 1/Trainee 1
"Special Litigation Counsel, Litigation Bureau (LIT_NYC_SLC_3483)",Management Specialist 1/Trainee 1
"Assistant Attorney General, Law Enforcement Misconduct Investigative Office (LEM_BUF_AAG_3484)",Management Specialist 1/Trainee 1
"Motor Vehicle Operator, Buffalo Psychiatric Center, P23070",Management Specialist 1/Trainee 1
Plant Utilities Engineer 1,Management Specialist 1/Trainee 1
"Psychiatrist 3, Rockland Psychiatric Center. P23075",Management Specialist 1/Trainee 1
"Licensed Master Social Worker 1, Kingsboro Psychiatric Center, Mary Brooks, P23076",Management Specialist 1/Trainee 1
Youth Support Assistant (Hourly),Management Specialist 1/Trainee 1
"Licensed Mental Health Counselor, Secure Treatment and Rehabilitation Center, STARC - Oakview, P23084",Management Specialist 1/Trainee 1
RN2 Registered Nurse  RN 2 EOA# 22-039R  Orange County evening,Management Specialist 1/Trainee 1
"Licensed Mental Health Counselor, St. Lawrence Psychiatric Center, P23087",Management Specialist 1/Trainee 1
RN2 Temp Hourly Registered Nurse RN 2  EOA# 22-045R,Management Specialist 1/Trainee 1
RN2 Registered Nurse 2  RN 2   EOA# 21-019R,Management Specialist 1/Trainee 1
"Licensed Mental Health Counselor, Office of Mental Health Psychiatric Centers, Statewide,  P23090",Management Specialist 1/Trainee 1
Youth Support Specialist (Hourly),Management Specialist 1/Trainee 1
"Licensed Mental Health Counselor, Central New York Psychiatric Center, Upstate Satellite Unit, P23093",Management Specialist 1/Trainee 1
Clinical Physician,Management Specialist 1/Trainee 1
Service & Repair Mechanic ,Management Specialist 1/Trainee 1
"Assistant Counsel, Box OP-1456/21250",Management Specialist 1/Trainee 1
Office Assistant 1 (Stores  Mail),Management Specialist 1/Trainee 1
Portfolio Operations Specialist (multiple positions),Management Specialist 1/Trainee 1
Highway Maintenance Worker 1 / Tr 2 / Tr 1 (Region 1),Management Specialist 1/Trainee 1
Service and Repair Mechanic Motor Equipment Region 1 -Albany Co,Management Specialist 1/Trainee 1
Highway Maintenance Worker 1 / Tr 2 / Tr 1 (Region 1),Management Specialist 1/Trainee 1
Service and Repair Mechanic Motor Equipment( Region 1 -Essex Co).,Management Specialist 1/Trainee 1
Highway Maintenance Worker 1 / Tr 2 / Tr 1 (Region 1),Management Specialist 1/Trainee 1
Service and Repair Mechanic Motor Equipment (Region 1-Greene Co) ,Management Specialist 1/Trainee 1
Service and Repair Mechanic Motor Equipment( Region 1-Saratoga Co) ,Management Specialist 1/Trainee 1
Service and Repair Mechanic Motor Equipment (Region 1-Warren Co. ) ,Management Specialist 1/Trainee 1
"Licensed Practical Nurse, Kingsboro Psychiatric Center, Road to Success, P23098",Management Specialist 1/Trainee 1
Director of Immigrant Workers Services - New York City,Management Specialist 1/Trainee 1
"Licensed Master Social Worker 2, Western New York Children's Psychiatric Center, P23102",Management Specialist 1/Trainee 1
Education Counselor,Management Specialist 1/Trainee 1
Dentist 1,Management Specialist 1/Trainee 1
Youth Counselor 1,Management Specialist 1/Trainee 1
Administrative Assistant 1,Management Specialist 1/Trainee 1
Associate Psychologist ,Management Specialist 1/Trainee 1
Associate Psychologist ,Management Specialist 1/Trainee 1
Associate Psychologist ,Management Specialist 1/Trainee 1
Associate Psychologist ,Management Specialist 1/Trainee 1
Associate Psychologist ,Management Specialist 1/Trainee 1
Associate Psychologist ,Management Specialist 1/Trainee 1
Medicaid Redesign Analyst 1 - 99946,Management Specialist 1/Trainee 1
Cleaner (Hourly),Management Specialist 1/Trainee 1
Medical Specialist 2 - Broome,Management Specialist 1/Trainee 1
Deputy Counsel,Management Specialist 1/Trainee 1
Senior Counsel/Assistant Counsel,Management Specialist 1/Trainee 1
Psychiatrist 2 - Broome,Management Specialist 1/Trainee 1
"Associate in Education of Children with Disabilities, Box PIMS-566/05055",Management Specialist 1/Trainee 1
Youth Recreation Specialist 1,Management Specialist 1/Trainee 1
Vocational Specialist 1,Management Specialist 1/Trainee 1
Senior Engineering Technician/Engineering Technician Trainee (Region 3),Management Specialist 1/Trainee 1
Addictions Counselor Assistant (CK Post ATC),Management Specialist 1/Trainee 1
Youth Support Specialist (Perm),Management Specialist 1/Trainee 1
Youth Recreation Specialist 2,Management Specialist 1/Trainee 1
Housekeeping/Floor Stripping/Waxing Position,Management Specialist 1/Trainee 1
"Contract Management Specialist 1, Contract Management Specialist Trainee 1, Box CFO-539/60286",Management Specialist 1/Trainee 1
Electrical Engineer,Management Specialist 1/Trainee 1
Construction Project Manager,Management Specialist 1/Trainee 1
"Project Assistant, (Three Positions), Box OHE-913/51554, 51555, 51556",Management Specialist 1/Trainee 1
Service and Repair Mechanic (Motor Equipment) ,Management Specialist 1/Trainee 1
Standards Compliance Analyst 1,Management Specialist 1/Trainee 1
LPN  Licensed Practical Nurse  EOA# 22-237,Management Specialist 1/Trainee 1
RN2  Registered Nurse 2  RN 2  EOA# 22-040R   Night,Management Specialist 1/Trainee 1
"Psychologist 2, Secure Treatment and Rehabilitaion Center, STARC, Oakview, P23107",Management Specialist 1/Trainee 1
DDSCTA 1/Trainee (Developmental Disabilities Secure Care Treatment Aide),Management Specialist 1/Trainee 1
Direct Support Assistant,Management Specialist 1/Trainee 1
Direct Support Assistant,Management Specialist 1/Trainee 1
Direct Support Assistant,Management Specialist 1/Trainee 1
Direct Support Assistant,Management Specialist 1/Trainee 1
NYC Regional Coordinator (Special Assistant),Management Specialist 1/Trainee 1
Direct Support Assistant,Management Specialist 1/Trainee 1
Direct Support Assistant,Management Specialist 1/Trainee 1
Direct Support Assistant,Management Specialist 1/Trainee 1
Direct Support Assistant,Management Specialist 1/Trainee 1
Nurse 2 NYS Veterans Home at Montrose,Management Specialist 1/Trainee 1
Certified Nursing Assistant,Management Specialist 1/Trainee 1
Digital Forensic Manager - Upstate Regional Office,Management Specialist 1/Trainee 1
Food Service Worker 2,Management Specialist 1/Trainee 1
Direct Support Assistant,Management Specialist 1/Trainee 1
Direct Support Assistant,Management Specialist 1/Trainee 1
Direct Support Assistant,Management Specialist 1/Trainee 1
Direct Support Assistant,Management Specialist 1/Trainee 1
Direct Support Assistant,Management Specialist 1/Trainee 1
Direct Support Assistant,Management Specialist 1/Trainee 1
Direct Support Assistant,Management Specialist 1/Trainee 1
Direct Support Assistant,Management Specialist 1/Trainee 1
Direct Support Assistant,Management Specialist 1/Trainee 1
Direct Support Assistant,Management Specialist 1/Trainee 1
Direct Support Assistant,Management Specialist 1/Trainee 1
Direct Support Assistant,Management Specialist 1/Trainee 1
Direct Support Assistant,Management Specialist 1/Trainee 1
Direct Support Assistant,Management Specialist 1/Trainee 1
Direct Support Assistant,Management Specialist 1/Trainee 1
Direct Support Assistant,Management Specialist 1/Trainee 1
Direct Support Assistant,Management Specialist 1/Trainee 1
Direct Support Assistant,Management Specialist 1/Trainee 1
Direct Support Assistant,Management Specialist 1/Trainee 1
Direct Support Assistant,Management Specialist 1/Trainee 1
Direct Support Assistant,Management Specialist 1/Trainee 1
Direct Support Assistant,Management Specialist 1/Trainee 1
Direct Support Assistant,Management Specialist 1/Trainee 1
Licensed Psychologist,Management Specialist 1/Trainee 1
Assistant Engineer (Civil/Transport),Management Specialist 1/Trainee 1
Licensed Psychologist,Management Specialist 1/Trainee 1
Licensed Psychologist,Management Specialist 1/Trainee 1
Licensed Psychologist,Management Specialist 1/Trainee 1
Licensed Psychologist,Management Specialist 1/Trainee 1
Licensed Psychologist,Management Specialist 1/Trainee 1
Psychologist 1/2,Management Specialist 1/Trainee 1
Psychologist 1/2,Management Specialist 1/Trainee 1
Psychologist 1/2,Management Specialist 1/Trainee 1
Psychologist 1/2,Management Specialist 1/Trainee 1
Psychologist 1/2,Management Specialist 1/Trainee 1
Psychologist 1/2,Management Specialist 1/Trainee 1
"Application Developer/Analyst, IT (Ref#SJ006)",Management Specialist 1/Trainee 1
Artificial Intelligence Engineer,Management Specialist 1/Trainee 1
"Associate or Senior Counsel, Corporate/Real Estate",Management Specialist 1/Trainee 1
"Project Assistant, Box PIMS-573/51518",Management Specialist 1/Trainee 1
Administrative Assistant/Regional Office – Western NY_Buffalo   ,Management Specialist 1/Trainee 1
"Vice President, Planning and Environmental Review",Management Specialist 1/Trainee 1
Licensed Practical Nurse ,Management Specialist 1/Trainee 1
Licensed Practical Nurse ,Management Specialist 1/Trainee 1
Licensed Practical Nurse ,Management Specialist 1/Trainee 1
Licensed Practical Nurse ,Management Specialist 1/Trainee 1
Licensed Practical Nurse ,Management Specialist 1/Trainee 1
Licensed Practical Nurse,Management Specialist 1/Trainee 1
"Director, Life Sciences",Management Specialist 1/Trainee 1
Licensed Practical Nurse,Management Specialist 1/Trainee 1
Licensed Practical Nurse ,Management Specialist 1/Trainee 1
Licensed Practical Nurse ,Management Specialist 1/Trainee 1
"Deputy Director, Workforce Development - NYC or Albany	",Management Specialist 1/Trainee 1
"Health Information Management Technician 2, Buffalo Psychiatric Center, P23114",Management Specialist 1/Trainee 1
"Education Credentials Specialist 1, Education Credentials Specialist Trainee 1, Box OP-1527/43235",Management Specialist 1/Trainee 1
"Medical Specialist 2, Manhattan Psychiatric Center, Physician, P23117",Management Specialist 1/Trainee 1
"Data and Metrics Manager, Workforce Development ",Management Specialist 1/Trainee 1
Licensed Practical Nurse ,Management Specialist 1/Trainee 1
Licensed Practical Nurse ,Management Specialist 1/Trainee 1
Licensed Practical Nurse ,Management Specialist 1/Trainee 1
Licensed Practical Nurse ,Management Specialist 1/Trainee 1
Licensed Practical Nurse ,Management Specialist 1/Trainee 1
Licensed Practical Nurse ,Management Specialist 1/Trainee 1
Licensed Practical Nurse ,Management Specialist 1/Trainee 1
Licensed Practical Nurse ,Management Specialist 1/Trainee 1
Licensed Practical Nurse ,Management Specialist 1/Trainee 1
Licensed Practical Nurse ,Management Specialist 1/Trainee 1
Licensed Practical Nurse ,Management Specialist 1/Trainee 1
Licensed Practical Nurse ,Management Specialist 1/Trainee 1
Licensed Practical Nurse ,Management Specialist 1/Trainee 1
Licensed Practical Nurse ,Management Specialist 1/Trainee 1
Licensed Practical Nurse ,Management Specialist 1/Trainee 1
Licensed Practical Nurse ,Management Specialist 1/Trainee 1
Licensed Practical Nurse ,Management Specialist 1/Trainee 1
Licensed Practical Nurse ,Management Specialist 1/Trainee 1
Licensed Practical Nurse,Management Specialist 1/Trainee 1
Licensed Practical Nurse ,Management Specialist 1/Trainee 1
Licensed Practical Nurse ,Management Specialist 1/Trainee 1
Licensed Practical Nurse ,Management Specialist 1/Trainee 1
Nurse 2 ,Management Specialist 1/Trainee 1
Nurse 2 ,Management Specialist 1/Trainee 1
Nurse 2 ,Management Specialist 1/Trainee 1
"Associate Psychologist, Central New York Psychiatric Center, Marcy, Prison Based Sex Offender Treatment program, P23123",Management Specialist 1/Trainee 1
Nurse 2 ,Management Specialist 1/Trainee 1
"Motor Vehicle Operator, Rochester Psychiatric Center, P23124",Management Specialist 1/Trainee 1
"Chief Housekeeper 2, Kingsboro Psychiatric Center, P23125",Management Specialist 1/Trainee 1
Nurse 2 ,Management Specialist 1/Trainee 1
Nurse 2 ,Management Specialist 1/Trainee 1
Nurse 2,Management Specialist 1/Trainee 1
Nurse 2,Management Specialist 1/Trainee 1
Nurse 2,Management Specialist 1/Trainee 1
Nurse 2 ,Management Specialist 1/Trainee 1
Nurse 2 ,Management Specialist 1/Trainee 1
Nurse 2 ,Management Specialist 1/Trainee 1
Nurse 2 ,Management Specialist 1/Trainee 1
Nurse 2 ,Management Specialist 1/Trainee 1
Nurse 2 ,Management Specialist 1/Trainee 1
Nurse 2 ,Management Specialist 1/Trainee 1
Nurse 2 ,Management Specialist 1/Trainee 1
Senior Certification Analyst,Management Specialist 1/Trainee 1
Senior Certification Analyst,Management Specialist 1/Trainee 1
Nurse 2 ,Management Specialist 1/Trainee 1
Nurse 2 ,Management Specialist 1/Trainee 1
Nurse 2 ,Management Specialist 1/Trainee 1
"Vice President, NYSTAR Business Development	",Management Specialist 1/Trainee 1
Land Surveyor ,Management Specialist 1/Trainee 1
Nurse 2,Management Specialist 1/Trainee 1
Nurse 2,Management Specialist 1/Trainee 1
Nurse 2 ,Management Specialist 1/Trainee 1
Nurse 2 ,Management Specialist 1/Trainee 1
Nurse 2 ,Management Specialist 1/Trainee 1
Nurse 2 ,Management Specialist 1/Trainee 1
Nurse 2 ,Management Specialist 1/Trainee 1
Nurse 2 ,Management Specialist 1/Trainee 1
Nurse 2 ,Management Specialist 1/Trainee 1
Nurse 2 ,Management Specialist 1/Trainee 1
Nurse 2 ,Management Specialist 1/Trainee 1
Nurse 2,Management Specialist 1/Trainee 1
Plant Utilities Engineer 1,Management Specialist 1/Trainee 1
General Mechanic,Management Specialist 1/Trainee 1
General Mechanic,Management Specialist 1/Trainee 1
"Assistant Attorney General, Taxpayer Protection Bureau (TPB_NYC_AAG_3485)",Management Specialist 1/Trainee 1
"Assistant Attorney General - Public Integrity Bureau, Real Estate Enforcement Unit (PIB/REEU_NYC_AAG_3486)",Management Specialist 1/Trainee 1
Youth Support Assistant (Perm),Management Specialist 1/Trainee 1
"eDiscovery Document Review Manager - Practice Technologies Group, NYC or Albany (DOA_PTG_NYC/ALB_6222)",Management Specialist 1/Trainee 1
Human Resources Specialist 2,Management Specialist 1/Trainee 1
Administrative Assistant,Management Specialist 1/Trainee 1
"Assistant in Instructional Services (Career and Technical Education), Box P12-2196/64115",Management Specialist 1/Trainee 1
Cook,Management Specialist 1/Trainee 1
Nurse 3 Psychiatric (M.A. Stutzman Addiction Treatment Center),Management Specialist 1/Trainee 1
Capital District Senior Architect,Management Specialist 1/Trainee 1
Western Region Senior Architect ,Management Specialist 1/Trainee 1
Loans & Grants Contract Administrator/Auditor,Management Specialist 1/Trainee 1
Trades Generalist ,Management Specialist 1/Trainee 1
Motor Vehicle Operator,Management Specialist 1/Trainee 1
"Senior Budgeting Analyst/Budgeting Analyst Trainee, Central Office;",Management Specialist 1/Trainee 1
"Automotive Facilities Inspector, or Automotive Facilities Inspector Trainee 1/2",Management Specialist 1/Trainee 1
"Automotive Facilities Inspector, or Automotive Facilities Inspector Trainee 1/2",Management Specialist 1/Trainee 1
"Automotive Facilities Inspector, or Automotive Facilities Inspector Trainee 1/2",Management Specialist 1/Trainee 1
"Automotive Facilities Inspector, or Automotive Facilities Inspector Trainee 1/2",Management Specialist 1/Trainee 1
"Teacher 2, 3, 4",Management Specialist 1/Trainee 1
Professional Engineer 1 (Electrical),Management Specialist 1/Trainee 1
Director of Internal Audit - Albany,Management Specialist 1/Trainee 1
"Information Technology Specialist 2, Box PIMS-568/43705",Management Specialist 1/Trainee 1
Senior Accountant or Accountant Trainee 1/2,Management Specialist 1/Trainee 1
"Information Technology Specialist 1, Box PIMS-570/01773",Management Specialist 1/Trainee 1
"Office Assistant 1, Central Office;",Management Specialist 1/Trainee 1
Office Assistant 1 Keyboarding,Management Specialist 1/Trainee 1
Engineer Trainee/Assistant Engineer (Civil/Transportation),Management Specialist 1/Trainee 1
Health Information Management Administrator 3 - CNYDDSO,Management Specialist 1/Trainee 1
"Information Technology Specialist 2, Box PIMS-571/00025",Management Specialist 1/Trainee 1
Executive Assistant,Management Specialist 1/Trainee 1
Deputy Procurement Officer,Management Specialist 1/Trainee 1
Chief of Staff,Management Specialist 1/Trainee 1
"Information Technology Specialist 4, Box PIMS-572/01756",Management Specialist 1/Trainee 1
Legislative Director,Management Specialist 1/Trainee 1
Legislative Librarian,Management Specialist 1/Trainee 1
Data Analyst I ,Management Specialist 1/Trainee 1
Community Liaison,Management Specialist 1/Trainee 1
Public Information Specialist 1,Management Specialist 1/Trainee 1
"Education Credentials Specialist 1, Education Credentials Specialist Trainee 1, (4 Positions), Box OHE-918/20064, OHE-931/14639, OHE-962/43237, OHE-963/43243",Management Specialist 1/Trainee 1
Licensed Master Social Worker 2,Management Specialist 1/Trainee 1
Research Scientist 1 (Microbiology) - 14344,Management Specialist 1/Trainee 1
Director of Agency Emergency Management ,Management Specialist 1/Trainee 1
"Architect - Upstate Design - Albany, NY",Management Specialist 1/Trainee 1
"Senior Attorney, Central Office;",Management Specialist 1/Trainee 1
"Launderer, Box BAT-443/00639",Management Specialist 1/Trainee 1
Trades Generalist,Management Specialist 1/Trainee 1
Executive Assistant/Financial Coordinator,Management Specialist 1/Trainee 1
Addictions Counselor 1 (Kingsboro Addiction Treatment Center),Management Specialist 1/Trainee 1
Chief Credit Officer and Committee Head,Management Specialist 1/Trainee 1
Senior Corporate Bond Portfolio Manager and Strategist,Management Specialist 1/Trainee 1
Health Program Administrator 4 - 46184,Management Specialist 1/Trainee 1
"Nursing Home Activities Assistant 1 - 40547, 40548, 40549",Management Specialist 1/Trainee 1
Hospital Nursing Services Consultant - 51148,Management Specialist 1/Trainee 1
Hospital Nursing Services Consultant - 46901,Management Specialist 1/Trainee 1
Senior Accountant (Accountant Trainee) - Item# 02728,Management Specialist 1/Trainee 1
Maintenance Supervisor 2,Management Specialist 1/Trainee 1
Associate Attorney Financial Services,Management Specialist 1/Trainee 1
"Project Manager 2, Ref #15848",Management Specialist 1/Trainee 1
Nurse 2,Management Specialist 1/Trainee 1
Nurse 2 Psychiatric or Nurse 1 (John L. Norris Addiction Treatment Center),Management Specialist 1/Trainee 1
Training Specialist 1 - Mental Hygiene - CNYDDSO,Management Specialist 1/Trainee 1
"Mental Hygiene Program Evaluation Specialist 3, Creedmoor Psychiatric Center, P23055",Management Specialist 1/Trainee 1
Office Assistant 1,Management Specialist 1/Trainee 1
Electronics Security Systems Program Manager,Management Specialist 1/Trainee 1
General Mechanic,Management Specialist 1/Trainee 1
General Mechanic,Management Specialist 1/Trainee 1
Maintenance Supervisor 2-REPOST,Management Specialist 1/Trainee 1
Labor Services Representative/Trainee 1/2 - Albany,Management Specialist 1/Trainee 1
Air Base Security Guard-REPOST,Management Specialist 1/Trainee 1
Professional Engineer 1 (Civil/Transportation) (Region 11),Management Specialist 1/Trainee 1
Maintenance Assistant,Management Specialist 1/Trainee 1
Maintenance Assistant,Management Specialist 1/Trainee 1
Facilities Operations Assistant 1 ,Management Specialist 1/Trainee 1
Clinical Physician,Management Specialist 1/Trainee 1
Minority Business Specialist 1,Management Specialist 1/Trainee 1
Examinations Manager,Management Specialist 1/Trainee 1
Maintenance Assistant (Seasonal) - 2 positions ,Management Specialist 1/Trainee 1
Maintenance Assistant (Seasonal),Management Specialist 1/Trainee 1
Maintenance Assistant (Seasonal),Management Specialist 1/Trainee 1
Medicaid Redesign Analyst 1(Trainee 1/Trainee 2) - 99373,Management Specialist 1/Trainee 1
Medicaid Redesign Analyst 1(Trainee 1/Trainee 2) - 99393,Management Specialist 1/Trainee 1
Auditor 1,Management Specialist 1/Trainee 1
"Auditor 1, Auditor Trainee 1, Box PIMS-547/00819",Management Specialist 1/Trainee 1
Nurse 2 Psychiatric or Nurse 1 - (Russell E. Blaisdell ATC),Management Specialist 1/Trainee 1
Hospital Nursing Services Consultant - 59689,Management Specialist 1/Trainee 1
Community Health Program Manager 3 - 32634,Management Specialist 1/Trainee 1
Program Research Specialist 2 (Public Health) or Trainee 1 - 23580,Management Specialist 1/Trainee 1
Community & Regional Banks Team Leader,Management Specialist 1/Trainee 1
Trades Specialist-Plumber and Steamfitter - Montrose,Management Specialist 1/Trainee 1
Contract Management Specialist 2,Management Specialist 1/Trainee 1
Labor Services Representative Spanish Language/ Trainee 1/2 (Hourly)- Bronx,Management Specialist 1/Trainee 1
"Licensed Master Social Worker 2, Hutchings Psychiatric Center, Outpatient, P23129",Management Specialist 1/Trainee 1
Accountant- Accounts Payable ,Management Specialist 1/Trainee 1
Chief Actuary – Workers’ Compensation Reserve Unit,Management Specialist 1/Trainee 1
Information Technology Specialist 3 (Information Security),Management Specialist 1/Trainee 1
Licensed Master Social Worker 2,Management Specialist 1/Trainee 1
Labor Services Representative/Trainee 1/2 (Hourly) - Albany,Management Specialist 1/Trainee 1
Youth Support Specialist (Perm),Management Specialist 1/Trainee 1
Research Scientist 1 ,Management Specialist 1/Trainee 1
Research Scientist 1 ,Management Specialist 1/Trainee 1
Environmental Engineering Technician 1 (Seasonal),Management Specialist 1/Trainee 1
Office Assistant 1 (Seasonal),Management Specialist 1/Trainee 1
Radio Dispatcher - Multiple Positions,Management Specialist 1/Trainee 1
Engineer Trainee/Assistant Engineer (Civil/Transportation),Management Specialist 1/Trainee 1
Office Assistant 2,Management Specialist 1/Trainee 1
Office Assistant 2  ,Management Specialist 1/Trainee 1
Office Assistant 1,Management Specialist 1/Trainee 1
"Licensed Master Social Worker 2, Buffalo Psychiatric Center, P23134",Management Specialist 1/Trainee 1
Assistant Engineer (Env)/ Engineer Trainee,Management Specialist 1/Trainee 1
Social Work Assistant 3,Management Specialist 1/Trainee 1
Licensed Master Social Worker 1,Management Specialist 1/Trainee 1
Licensed Master Social Worker 1,Management Specialist 1/Trainee 1
Assistant Engineer (Env)/ Engineer Trainee,Management Specialist 1/Trainee 1
Assistant Counsel (working title: Junior Appellate Attorney) ,Management Specialist 1/Trainee 1
"Licensed Master Social Worker 2, Central New York Psychiatric Center, Albion Satellite Unit, P23149",Management Specialist 1/Trainee 1
"Licensed Psychologist, Central New York Psychiatric Center – Attica Satellite Units, P23142",Management Specialist 1/Trainee 1
Safety and Security Officer 1/Trainee  EOA#: 22-241,Management Specialist 1/Trainee 1
"Licensed Master Social Worker 2, Central New York Psychiatric Center, Auburn Satellite Unit, P23144",Management Specialist 1/Trainee 1
Assistant Counsel (working title: Appellate Attorney) ,Management Specialist 1/Trainee 1
Administrative Assistant 1(Administrative Assistant Trainee) - 12631,Management Specialist 1/Trainee 1
Administrative Assistant 1(Administrative Assistant Trainee) - 12634,Management Specialist 1/Trainee 1
Community Mental Health Nurse,Management Specialist 1/Trainee 1
"Chief Data Officer, Ref #00027",Management Specialist 1/Trainee 1
Youth Counselor 1,Management Specialist 1/Trainee 1
General Counsel,Management Specialist 1/Trainee 1
Licensed Master Social Worker 2 (St. Lawrence Addiction Treatment Center),Management Specialist 1/Trainee 1
Building Inspector,Management Specialist 1/Trainee 1
Senior Employment Security Clerk (Hourly) - Albany,Management Specialist 1/Trainee 1
"Food Service Worker 2, Pilgrim Psychiatric Center, P23150",Management Specialist 1/Trainee 1
Training Specialist 1/Trainee 1/Trainee 2,Management Specialist 1/Trainee 1
Office Aide,Management Specialist 1/Trainee 1
Addictions Counselor Assistant  (Dick Van Dyke Addiction Treatment Center),Management Specialist 1/Trainee 1
"Body Repair Inspector, or Body Repair Inspector Trainee 1/2",Management Specialist 1/Trainee 1
Research Scientist 5 (Computer Science),Management Specialist 1/Trainee 1
Trades Generalist - Painter,Management Specialist 1/Trainee 1
Traffic Systems Technician 1/Trainee 1/Trainee 2 (Region 2),Management Specialist 1/Trainee 1
Office Assistant 2 Calculations (Region 2),Management Specialist 1/Trainee 1
Teaching Assistant,Management Specialist 1/Trainee 1
"Assistant Attorney General, Claims Bureau – Torts Section NYC (CLA/TS_NYC_AAG_3479)",Management Specialist 1/Trainee 1
Maintenance Assistant (Seasonal) - Multiple Positions,Management Specialist 1/Trainee 1
Contract Management Specialist 1/Trainee 1/2,Management Specialist 1/Trainee 1
"Public Information Specialist 2, Box OCE-1221/26213",Management Specialist 1/Trainee 1
Trades Generalist (Temporary/Hourly) – Central Office;,Management Specialist 1/Trainee 1
"Facility Operations Assistant 1 (Temporary/Hourly) – Three Positions, Central Office;",Management Specialist 1/Trainee 1
"Facility Operations Assistant 1 (Temporary/Hourly) – Two Positions, Central Office;",Management Specialist 1/Trainee 1
Office Assistant 1 ,Management Specialist 1/Trainee 1
"Facility Operations Assistant 1 (Temporary/Hourly) – Three Positions, Central Office;",Management Specialist 1/Trainee 1
Human Resources Specialist Tr. 1 Benefits/Human Resources Specialist 1 Benefits,Management Specialist 1/Trainee 1
FS Specialist 2 (Pharmacy Benefits Manager Policy Analyst),Management Specialist 1/Trainee 1
Clinical Laboratory Consultant - 45116,Management Specialist 1/Trainee 1
"Contract Management Specialist 1, G18",Management Specialist 1/Trainee 1
Health Program Director 2 - 51503,Management Specialist 1/Trainee 1
Compliance Specialist 1,Management Specialist 1/Trainee 1
Habilitation Specialist 1 (Qualified Intellectual Disability Professional*),Management Specialist 1/Trainee 1
Administrative Assistant 2,Management Specialist 1/Trainee 1
Dental Hygienist,Management Specialist 1/Trainee 1
Office Assistant 2 (Keyboarding),Management Specialist 1/Trainee 1
Trades Generalist ,Management Specialist 1/Trainee 1
Office Assistant 2,Management Specialist 1/Trainee 1
"Assistant Attorney General, Civil Recoveries Bureau - Oil Spill Unit (CRB/OSU_ALB_AAG_3489)",Management Specialist 1/Trainee 1
Assistant Chief Investigations,Management Specialist 1/Trainee 1
Social Work Assistant 3 - Broome,Management Specialist 1/Trainee 1
Dietitian 2 - Broome,Management Specialist 1/Trainee 1
"Trades Generalist (Temporary/Hourly) – Two Positions, Central Office;",Management Specialist 1/Trainee 1
Immigrant Workers Specialist 3 - Albany,Management Specialist 1/Trainee 1
Immigrant Workers Specialist 3 - New York City,Management Specialist 1/Trainee 1
Administrative Assistant 1,Management Specialist 1/Trainee 1
Senior Attorney,Management Specialist 1/Trainee 1
Office Assistant 1 - Item #00850 & 00851 (2 positions),Management Specialist 1/Trainee 1
"Deputy Director, Psychiatric Center 2 – Operation, Kingsboro Psychiatric Center, P23151",Management Specialist 1/Trainee 1
"Staff Accountant, Accounts Receivable",Management Specialist 1/Trainee 1
Facility Operations Assistant 1,Management Specialist 1/Trainee 1
RN2  Registered Nurse 2  RN 2    EOA# 22-252  Days  Westchester County,Management Specialist 1/Trainee 1
Office Assistant 1 Keyboarding #22-315bjd,Management Specialist 1/Trainee 1
Veterans Benefits Advisor 1,Management Specialist 1/Trainee 1
RN2  Registered Nurse 2  RN 2  EOA# 22-255,Management Specialist 1/Trainee 1
Habilitation Specialist 1 - LIT,Management Specialist 1/Trainee 1
Nurse 2,Management Specialist 1/Trainee 1
Legal Assistant 2 - Item #01283,Management Specialist 1/Trainee 1
"Archives and Records Management Specialist 2, Box OCE-1288/26061",Management Specialist 1/Trainee 1
Auditor Trainee 1,Management Specialist 1/Trainee 1
Printing Equipment Operator 3 - 119,Management Specialist 1/Trainee 1
Nurse 2 Psychiatric or Nurse 1(M.A. Stutzman ATC),Management Specialist 1/Trainee 1
Fish and Wildlife Technician 1 (Seasonal) ,Management Specialist 1/Trainee 1
Habilitation Specialist 1 - Broome,Management Specialist 1/Trainee 1
Senior Physical Therapist,Management Specialist 1/Trainee 1
"Senior Budgeting Analyst/Budgeting Analyst Trainee, Central Office;",Management Specialist 1/Trainee 1
Youth Support Specialist (Hourly),Management Specialist 1/Trainee 1
Youth Support Assistant (Hourly),Management Specialist 1/Trainee 1
"Assistant Attorney General, Executive Division (EXEC_NYC_AAG_3490)",Management Specialist 1/Trainee 1
Investigative Officer 1/Trainee (Spanish Language) - New York City,Management Specialist 1/Trainee 1
"Senior Budgeting Analyst/Budgeting Analyst Trainee, Ref# 70119",Management Specialist 1/Trainee 1
Convention & Arts Center Operations Coordinator,Management Specialist 1/Trainee 1
Trades Specialist (Electrician) #22-317bjd,Management Specialist 1/Trainee 1
"Health Program Administrator or Health Program Administrator Trainee 1/Trainee 2 - 46540, 46097 ",Management Specialist 1/Trainee 1
Highway Maintenance Worker 2,Management Specialist 1/Trainee 1
Highway Maintenance Worker 2,Management Specialist 1/Trainee 1
Highway Maintenance Worker 2,Management Specialist 1/Trainee 1
Highway Maintenance Supervisor 1,Management Specialist 1/Trainee 1
Maintenance Assistant,Management Specialist 1/Trainee 1
Bridge Repair Supervisor 1 ,Management Specialist 1/Trainee 1
Principal Engineering Technician,Management Specialist 1/Trainee 1
Associate Attorney,Management Specialist 1/Trainee 1
Senior Administrative Analyst/Trainee 1/Trainee 2,Management Specialist 1/Trainee 1
Trades Generalist,Management Specialist 1/Trainee 1
"Nurse 2 Psychiatric or Nurse 1, EVENINGS (M.A. Stutzman ATC)",Management Specialist 1/Trainee 1
Investigative Officer 1/Trainee 1 - New York City,Management Specialist 1/Trainee 1
"Teacher 2, 3, 4",Management Specialist 1/Trainee 1
Trades Generalist,Management Specialist 1/Trainee 1
Facilities Operations Assistant 1 (Grounds),Management Specialist 1/Trainee 1
"Assistant Counsel, Central Office;",Management Specialist 1/Trainee 1
Compliance Specialist 3,Management Specialist 1/Trainee 1
Compliance Specialist 1,Management Specialist 1/Trainee 1
Homeland Security Program Analyst 1,Management Specialist 1/Trainee 1
Assistant Counsel (Director of De Novo Unit),Management Specialist 1/Trainee 1
Assistant Counsel (Lead Counsel - De Novo Unit),Management Specialist 1/Trainee 1
"Investigative Specialist 1, Box ACS-2615/14627",Management Specialist 1/Trainee 1
Assistant Counsel (Lead Counsel - De Novo Unit),Management Specialist 1/Trainee 1
Administrative Specialist 1 - Item # 01502,Management Specialist 1/Trainee 1
Community Health Program Manager 1 - 32380,Management Specialist 1/Trainee 1
"Associate in Education Improvement Services, Box OHE-948/65005",Management Specialist 1/Trainee 1
"Associate in Education Improvement Services, Box OHE-949/66128",Management Specialist 1/Trainee 1
Bridge Repair Assistant / Trainee 2 / Trainee 1 Region 9,Management Specialist 1/Trainee 1
Bridge Repair Assistant / Trainee 2 / Trainee 1 Region 9,Management Specialist 1/Trainee 1
Bridge Repair Assistant / Trainee 2 / Trainee 1 Region 9,Management Specialist 1/Trainee 1
Social Work Assistant 2,Management Specialist 1/Trainee 1
C220104 - Facility Operations Assistant 1 (Grounds) - Campus Operations,Management Specialist 1/Trainee 1
Office Assistant 1 - Keyboarding (Seasonal),Management Specialist 1/Trainee 1
Senior Attorney,Management Specialist 1/Trainee 1
"Associate in Higher Education, Box OHE-955/66359",Management Specialist 1/Trainee 1
"Executive Assistant, Small Business & Technology Development	",Management Specialist 1/Trainee 1
Addictions Counselor 1 (Russell E. Blaisdell ATC),Management Specialist 1/Trainee 1
Written Exam Proctor - Buffalo,Management Specialist 1/Trainee 1
Community Correction Representative 2,Management Specialist 1/Trainee 1
"Director, Community Relations	",Management Specialist 1/Trainee 1
Program Operations Specialist 1,Management Specialist 1/Trainee 1
"Senior Budgeting Analyst, G18",Management Specialist 1/Trainee 1
Manager of Licensing,Management Specialist 1/Trainee 1
Maintenance Assistant (Hourly) - Creedmoor ATC,Management Specialist 1/Trainee 1
Auditor Trainee* OR Auditor 1,Management Specialist 1/Trainee 1
Nurse 2,Management Specialist 1/Trainee 1
"Office Assistant 1, Central Office;",Management Specialist 1/Trainee 1
Associate Psychologist,Management Specialist 1/Trainee 1
Psychologist 2,Management Specialist 1/Trainee 1
School Aide Budget and Policy Analyst - EDU - Ref #22-82 ,Management Specialist 1/Trainee 1
Management Specialist 1/Trainee 1,Management Specialist 1/Trainee 1
